id,name
1001,Alejandro Rosalez
20001,Akua Mansa
30001,Ana Carolina Silva
40001,Arnav Desai
50001,Carlos Salazar
60001,Diego Ramirez
70001,Efua Owusu
80001,Jane Doe
90001,Jane Roe
100001,John Doe
11001,John Stiles
12001,Jorge Souza
13001,Kwaku Mensah
14001,Kwesi Manu
15001,Li Juan
16001,Liu Jie
17001,Marcia Oliveira
18001,Maria Garcia
19001,Martha Rivera
200001,Mary Major
21001,Mateo Jackson
22001,Nikhil Jayashankar
23001,Nikki Wolf
24001,Paulo Santos
25001,Richard Roe
26001,Saanvi Sarkar
27001,Shirley Rodriguez
28001,Sofia Martinez
29001,Wang Xiulan
300001,Zhang Wei